date,location_name,lat,lon,source_url,title,is_blockage_attributed
2022-04-07,Oregun,6.6,3.36,https://news.google.com/rss/articles/CBMijwFBVV95cUxNQ0U2WDhiUThNZDR3QkhWaU5nZkFYY2x0czVEemNuSmZ2elhRZFp5S24xS3p5cHZLRkxUd1NzeHkxdVdvT2c1ZG1LOHpGeHkzdDFMeDRaSHlhSUstdl9FZW5tQ21UOE5Ib2RpaUI5Z1pyeW4zQjVleHREZVBqV1o4eTc4WnhCR0paUkVrWmhxMA?oc=5,"Lagos bridges, flooded as thunderstorm wreaks havoc in Oregun - The Guardian Nigeria News",0
2022-04-15,Lagos Island,6.4541,3.3947,https://news.google.com/rss/articles/CBMikwFBVV95cUxQQ3Jwajc5cXFkNFZwWUp2elZYdVQ0aDJXSnVDQllvT2J2ZzFnYXlmY04tVHJ1ei1ucDBuRTNnbm5xREZYbzRXTzhYdndMNlp1WDlITGEwamM5NXF3OTRVTVE0MzBaTjR6Z0hWbjU2bXJGTV9UR3MwOFB3NG55TjdNUVUyWXI5cncxR005dE5vMXd4QkU?oc=5,Lagos Island Chairman Summons Market Leaders Over Poor Sanitation - Independent Newspaper Nigeria,0
2022-05-03,Festac,6.4685,3.2728,https://news.google.com/rss/articles/CBMiX0FVX3lxTE1lZkNEcnVPU05BMkY5UEpuYXNlQVU4T1l6UGYyOHVKZVFPRHhnMzR0Uk1VSmtKdnZvUEltb0RpbnFfMnBwdlFfZGpGRlhhbVhUeVRIY0VjS1hEOUJfZE1z0gFkQVVfeXFMT2oxR0w4OWwzMkw3c3pRX3duazU0VnRWekEzbEFpZmtWUy11dUZ0VllHU3FRNG1fTTJMZDhkMjBfMi1sMXJ0MnFDblU3dG1IcmR1ejhwcTV5bGVuWFJQZ1BvRGlqVA?oc=5,Festac Town: From grace to grass - The Sun Nigeria,0
2022-06-27,Ikorodu,6.6194,3.5062,https://news.google.com/rss/articles/CBMivAFBVV95cUxQQzZiYVgwLUlnZC1iTllUaDJZLWo2TFdOemhkMVNLeDlyTmM0LWZVbVhjVnBFS2pxYXlkcG5KcDdqcE9vc29hcWZtUXhrdEluTWd4RTdfcnUxXzRGU3NBb1lzTTBKXzV1cEU1TWZaSFhOcHJ2cnZtcnZBRzVCQWRsZTZQY0dyb1RuT0pJdFVWbDg2WjYxSWpDNHN5UDVNay1MY2p1THpHc1lpVDFQN2I3LVZwWEQxUFBWS2hIYQ?oc=5,Again! Ikorodu Residents Appeal To Sanwo - Olu Over Deplorable Gberigbe Road - - theimpactnewspaper.com,0
2022-06-07,Anthony,6.56,3.37,https://news.google.com/rss/articles/CBMi0gFBVV95cUxQYjBta0d5Vmp5Ull4bUlkSDdyeTRPT2pWZjN1cnFXT1BRTFctZHdJVUtrak1IQjdNWlhza3NMMDc0WWlNZG8yWDBwSnIxSkVHeS0ydXp1NklfX0hTQW50LUlZQk5hVzF5ZFhvd3FwVk04NjRtQ3FLb2Q0aUd4anFsbU5aeWF0MFpvVGtuLWdqR3RrTlBtQXlEeERTd0VSRzlMa1kxWUVsQjJJX2NKN0xvZDRsU256ZXBGbkFRZS1vWGpCNkVYVGluQXFMYTg1ZzZ1Vnc?oc=5,"Plans for floating baseball park, golf course-turned-multipurpose space point to Anthony's future - Las Cruces Sun-News",0
2022-06-20,Lekki,6.4698,3.5852,https://news.google.com/rss/articles/CBMikwFBVV95cUxOVTRvalVlOEZvMmNxZk9zR2F0eUF3aHZ3dTkxTXdOWkRrUDVzNUJoUVRkaklmblV2dXQ0NWRib1pzSlhpVFNqOFAyOXhGTUVxT0c3NlBEdGlmSlpKZWpRWll2NVRweVhOampaenBYU0tUSExETlhEZUhwRzlhUHNoejFLaXp6TzktaG9SVmhxRkhkVnM?oc=5,Lagos government gets committee to review Lekki master plan - The Guardian Nigeria News,0
2022-07-09,Agege,6.6166,3.3213,https://news.google.com/rss/articles/CBMiXEFVX3lxTE1xelVrNU9STnF3WGNGNWEyZXVFMUQ2ZmVrMWFKek1ZX3pYZVViejVJODNsdktEbFNqbm5YNTdDV2FaeFdZNjFXMHRNNG1HM09EajR2bDdrbGw5d1FK0gFiQVVfeXFMTUtmTmd3ai01UDJHNWpWQlFqczBJWUxBUW9pdFlabHdFY1VvR01BMVBNNDFoQ3BEVFZXXzRFaDJjNVlHekxCSVlUSmdhMjlqaGk5bTFWcWtraU9kN3kxMVlKbmc?oc=5,Floods in Lagos: Two dey miss for Agege afta rain cause flooding to carri dia car for Oke Oba - BBC,0
2022-07-11,Lekki,6.4698,3.5852,https://news.google.com/rss/articles/CBMiQkFVX3lxTE9pR1Awa3lsdUNuU2doLXJ5c3hGUlViVnVEQ2ljVnVjYWg2N1VHWDZvOFlHSFRaMG1Wd2J4UVVXTFotZw?oc=5,"BBNaija star, Tacha, complains about the flood in Lekki, Lagos State. - YouTube",0
2022-07-04,Lekki,6.4698,3.5852,https://news.google.com/rss/articles/CBMitwFBVV95cUxOQXN3TnhaX2FIaWo4QW1SM1paWnJvVmN0czNWNlpCWUtfWjJJQWhGdkhRMG5hZTRXOGtjVFpsNFBoUXE3WUtMX1BEX2FzY2RaVjdZMVJyaXZ5WXIyVmhCT3BxSU1seTlCcVF5ellveEJ6azlrREJ5amNQck5Ea244R0NKT3JQSkEyU25KNklwcy1IZmhpaURmOGdPYUp0aUwtd0plRzU0ZWhsSng2bzBmSTRlcHRmT1XSAbwBQVVfeXFMUExMYW44WjVjb2lVSmt2M0hjNUNwSlJ2amw3LVc5dmVYWGNIa1BRS1gtZnByZ2g5UnUzVzVOWDI1ZXI5YVlQR01SYUhaVHhwUHNYTUxtYkxTOU5MY19EVDhIYTZJZDdvdENpd01vTVFZYXA4OXFqOUVHZERRbk1JMlFEQjIwcVg3ektxeGVQTXgyTENEajgzSXBPM2xDUFIwLW8xRDYxdElHV0ROWHBZT2xMd0RubFhTNWxJdDc?oc=5,"Bad road: Motorists, commuters groan in excruciating Lekki-Epe Expressway traffic - Vanguard News",0
2022-07-04,Epe,6.584,3.9795,https://news.google.com/rss/articles/CBMitwFBVV95cUxOQXN3TnhaX2FIaWo4QW1SM1paWnJvVmN0czNWNlpCWUtfWjJJQWhGdkhRMG5hZTRXOGtjVFpsNFBoUXE3WUtMX1BEX2FzY2RaVjdZMVJyaXZ5WXIyVmhCT3BxSU1seTlCcVF5ellveEJ6azlrREJ5amNQck5Ea244R0NKT3JQSkEyU25KNklwcy1IZmhpaURmOGdPYUp0aUwtd0plRzU0ZWhsSng2bzBmSTRlcHRmT1XSAbwBQVVfeXFMUExMYW44WjVjb2lVSmt2M0hjNUNwSlJ2amw3LVc5dmVYWGNIa1BRS1gtZnByZ2g5UnUzVzVOWDI1ZXI5YVlQR01SYUhaVHhwUHNYTUxtYkxTOU5MY19EVDhIYTZJZDdvdENpd01vTVFZYXA4OXFqOUVHZERRbk1JMlFEQjIwcVg3ektxeGVQTXgyTENEajgzSXBPM2xDUFIwLW8xRDYxdElHV0ROWHBZT2xMd0RubFhTNWxJdDc?oc=5,"Bad road: Motorists, commuters groan in excruciating Lekki-Epe Expressway traffic - Vanguard News",0
2022-07-09,Agege,6.6166,3.3213,https://news.google.com/rss/articles/CBMi0gFBVV95cUxNZWhFWFRKeUxPenRmTjlkTVRWdDRKM0d4bUJCZzU4LW5kQWJJc2xsWnRhdnBLdWJTc054eUJHVnlIdnFYUklmNjVUeExGUjhtQ3dNZXVQYk12RllrRVQwMEVVZWlIckc2MFl5bmJGaTBQbXNNRURianVaSmhWcGpCT3Y0THUtMVcyQ3JEQWE3UzVfWHN0WFRFR29DeTBmWnlpRkpJRk05akRsVWw3RUJRb1RhbFdxN2tuT2dkRVhFT1VTSDd5TllzeFh3XzFEMWVPZFE?oc=5,"Tears flow as all occupants except one die after their SUV got trapped in a flood in Oko Oba, Agege, Lagos [Video] - GistReel",0
2022-08-01,Lekki,6.4698,3.5852,https://news.google.com/rss/articles/CBMioAFBVV95cUxOX0gzSVUzdFZaejVTS1NWY044X2oyY3FKdnpVc3Y4UHdGYmtaSEdFZkZMYkE4ZTJwTU03RVVrYUhVdjNNQ1plYXA4ZzZCYUY2VXBRdEE0Z0s4WTdnSE5PMjlhSWpIV0NxdHExTGxJOFJoQkItRlNBQ3lQZ0xCYkJDUTZFaU5MMWQtU0o3SnNIU0RNLWZ3ZXdEYzlZQzhySzJm0gGmAUFVX3lxTE0yV0pTdXV3elBWTVlZSzVaX2RCZjFKQVcxRUxWVHI3U2hZYmYyY0NLZDZhbnN5XzRxYmd3UzN2MWVVaUJhUUVuWmsxZWM3c3NHa2o3c0ZMeVBEYk5FVkFON3NuZlZvR040QkRwa3hTVmpycUprblpXNS1Uakp6eUwxc2psbjV6cHliT2xvSzI2ZjcwRGN3TWxFZFdNQ3BjWEt1QnJ6OVE?oc=5,"Lekki residents urge Lagos govt to tackle flood, infrastructure - Vanguard News",0
2022-08-04,Lekki,6.4698,3.5852,https://news.google.com/rss/articles/CBMidkFVX3lxTFB4NDRBbjVobEVtNE8tTV9fN2pRbFQwbFBlYnhYb2QzNUV3SXhTOHpkUUR1N1Y1cHNfWjZQdEw1OGhBcWJQRHlWUUJ6dWlhdWNrTnpKYWNGd3FkVzktMzJNbFN6Uk1Kcmw5ZE5UdDJTYTVIQmloTFHSAXtBVV95cUxQNXJXdUNsaVVZREg1RGFVdEhrZkk5UkpvXzNhaDNIUlJmVmlOS29aVmRjbVlIakp5bDJrS3NqWWJCMjAybElRbllCSnVqX1VJS0hraVZILVl4dU1kckNWMjVJNG9iSGIwZ0owdnV5T1BlM0tJQzhLcDFOZGM?oc=5,Lekki residents seek end to flooding - The Nation Newspaper,0
2022-08-20,Festac,6.4685,3.2728,https://news.google.com/rss/articles/CBMijgFBVV95cUxNNFp4akV6QzVaSjVPSllEblFsTnhHVVhpTXFWR29oZGd3akNTUkdYeVhOeTd3U1J6WGdld2NacWdCcFpYZ2hWcVNLMFJPcl93cWlraWR1R0hkb3ZWYkVkckZjVURLdkdaX3RWRGJ5QzQzdE5tS0owdERvSVBXeEE3SGFNWTBzOXU2MmlwQ2tn?oc=5,Festac Town: A national pride sliding into slum - The Guardian Nigeria News,0
2022-08-14,Ikeja,6.5958,3.3392,https://news.google.com/rss/articles/CBMitgFBVV95cUxQZk5tVWVqZHNrcUctWUtWR2dPY2hQMmowYVZVdjBMeUc1WVJHR0t1M3JYWjhneDVaQ2xJdGNWVW5IQndEZjlvVG1sZDNmNlpFQ3Q1SmNaT29wZ1JLQjluSzZJSUlsTW8zbWNiNzNYbEdSVW5PMzl4RU5jT3M3NlNZZndLNlFGLXZZR2Z6d3lRUnNNcUVqQ05pYUItWTY0cDFaSDl6SEEya0JadERjRm9XTVBnOVIwdw?oc=5,"In Anifowoshe/Ikeja, residents are weighed down by infrastructural neglect and exploitation - TheCable",0
2022-08-22,Oshodi,6.5567,3.35,https://news.google.com/rss/articles/CBMiqAFBVV95cUxPRXhwbk1vcFpza3hpWU1pOVpiMVZHaVlMaTRHaU1XUllleUZLNkxMU3hmMDY5aUt0N1didVJtNlNmTC00N1pnRXc3YUVqNWdGZy1FeGxBLU50NVY0ZU1HS0JWWDRpQlRYdzMyWmRRZURzR3lsZnJXZE9paWdXWW1ZazNSejdFU1ZRRG9ta2JJNEZWbVAxZmJRQy1mMVJqVTEtdWNSMjNnNlrSAa4BQVVfeXFMT1RmUDViaVh5NzI2YjRaOFg0UHFsUDdITmxQMXQtUUtWcDZ2dVdFQWk2YXU2dG96Um1INW14M2ZERjdHVVY3YWtGakp6eDZLUEtHWTIzVTVRV3ZuLWlKSHpCUnVTWW5YT0FwNV9EUjBKY1dWbzdrOWxOS2VkUlhYQkdSRzJXSWZTazhtZ2F6TzdVTExtZHZxQ2h5Vzd0dFhMZjd6UHBlbWl3Sm9tdmVn?oc=5,Oshodi-Isolo council boss calls for solemn assembly over slain staff - Vanguard News,0
2022-09-18,Maryland,6.5653,3.3594,https://news.google.com/rss/articles/CBMipAFBVV95cUxQcTMyT1JkYTlWNjlDaTBIazFEc2RiZWlrYVdLZS02RlRpTy1wdXlKemJuU2JTeWtFNnhualYwaGhSYmF6T3k3NzdpR2ZyNGxaY0lCREtZTDhLNWhPd0tEc21YVkkwYWd3amtQTi1wMm1uUkZDTmlRRjBvOGk1d0ZyTEZHQ0dFaDlWUDJLVmtnWmd3Q19leFBCc0lHY0l0elVjeExveA?oc=5,Lagos To Divert Traffic At Maryland Over Link Bridge Construction - Channels Television,0
2022-09-18,Maryland,6.5653,3.3594,https://news.google.com/rss/articles/CBMisgFBVV95cUxOOU1YMW9LVjJiOS1fYlpUdV9kOU9QSjBCY3F1aUJ0ZUVPSjRSdEVwVXVsQlZKY25KT0E3OUVPeW90aWN0aGRpMGlZVHN1eHBXTVVvMVFCMGU0UXJiUjE0a2h4RmxiNEkwRzh4ak15TW53dU1KOHh2aEx4T0Q3S1JucmJmSUtRZjgzRXdIVWRNcGU0YVRpeXpnZ1huM0t4S3RYTGpVTFRZb0VQZ3BmRURGWHpR0gG3AUFVX3lxTFBYR3p0UXlDY0hmbEhoVVNRSTBDQUphMlRPZmpKWTYwWGVzcWlJaEE2dTZVN2ZEWWJNN2RVXzRLWG5GeG1GTG1NUFlGZmxQQlA3WFUxbGQ5RU5CbTZZQm9TU1hPYVFLSHdsOEU1TkhySm5fUzBfRENTVGg0S0szRldrSUVUZFVUMVRsanREVGZYSkdyUDRuUXYwc0YyYTR4UDZBLUlWdGNGUXlQbVgtZmVsdUYxdi1Lbw?oc=5,Opebi/Ojota link bridge: Lagos to divert traffic at Maryland/Mende underpass - Vanguard News,0
2022-09-18,Ojota,6.582,3.3813,https://news.google.com/rss/articles/CBMisgFBVV95cUxOOU1YMW9LVjJiOS1fYlpUdV9kOU9QSjBCY3F1aUJ0ZUVPSjRSdEVwVXVsQlZKY25KT0E3OUVPeW90aWN0aGRpMGlZVHN1eHBXTVVvMVFCMGU0UXJiUjE0a2h4RmxiNEkwRzh4ak15TW53dU1KOHh2aEx4T0Q3S1JucmJmSUtRZjgzRXdIVWRNcGU0YVRpeXpnZ1huM0t4S3RYTGpVTFRZb0VQZ3BmRURGWHpR0gG3AUFVX3lxTFBYR3p0UXlDY0hmbEhoVVNRSTBDQUphMlRPZmpKWTYwWGVzcWlJaEE2dTZVN2ZEWWJNN2RVXzRLWG5GeG1GTG1NUFlGZmxQQlA3WFUxbGQ5RU5CbTZZQm9TU1hPYVFLSHdsOEU1TkhySm5fUzBfRENTVGg0S0szRldrSUVUZFVUMVRsanREVGZYSkdyUDRuUXYwc0YyYTR4UDZBLUlWdGNGUXlQbVgtZmVsdUYxdi1Lbw?oc=5,Opebi/Ojota link bridge: Lagos to divert traffic at Maryland/Mende underpass - Vanguard News,0
2022-09-04,Lekki,6.4698,3.5852,https://news.google.com/rss/articles/CBMiXEFVX3lxTFByM1JDbUtFdjZudXlOT3hJeWxxdkdxSTQyQWIydlBVSWJuSWUxT1kzZHhkZDF5RFZ2ZGQ2OWVDRXFUYUpYMl9ndk5rdE1sa0IyN2FkR0Fha1p5RzN60gFiQVVfeXFMT0k0bGVmSG1FN3dwVXpXX3B2emhWbVczM2NBWV9RdVhJX29BaVljYnI3bGs4aVNTVW1TRzdQb1FQYWJxWG9pYmpnWUZlSG5qUTdzR0FXcGhVbmFlaGs5TWs3bGc?oc=5,Lagos building collapse: How Lekki seven storey building fall down - Fotos - BBC,0
2022-10-25,Lekki,6.4698,3.5852,https://news.google.com/rss/articles/CBMimwFBVV95cUxQRnNxUzdCd1d6M2NtQmt5TFlMSzAwYnE5dVJvMnRyeGROcldsS2VPbWlKTG15ZXM5RjlHSlpoRTg5YzlYNzNncEtLRlMxNEFZQTJhRzJZdERtQTZ2NTM4eWlMMFUwTWFOM1U2VjBIRWJFbzVqazZCRGp5Wk9ZYUpGaTJEZ1liQ194RTNGeVpmY01HMEdoRXV0RFl0NA?oc=5,"Lagos Issues Fresh Flood Advisory For Lekki, Ikoyi, Others - Channels Television",0
2022-10-24,Lekki,6.4698,3.5852,https://news.google.com/rss/articles/CBMiXEFVX3lxTE1yNEswNU9uUFR3dFJzMFNvUWFqbEhoY182aFhNRXRQRDExMWtqbFRoVHZBWTZibzN4dDNBZW0zdEhoUkhfdmowNlZSenZaSThJbnZ2dzlKRFpzN1pG0gFiQVVfeXFMTUZfb2twVkw0TzFuTXdWN0RjX3BDWnIxR1BrbjRhYnZhdWdaZmFvU2JaS05rajdPeUJlNlk3U0Jya1hjOVBWTWJxMDUyNHBHOXppNFZhTWFnLVNzZmFzMHB0X1E?oc=5,"Flood alert in Lagos: Threat for Ikoyi, VI, Lekki, as water begin rise for part of Third Mainland Bridge - BBC",0
2022-10-26,Agege,6.6166,3.3213,https://news.google.com/rss/articles/CBMimwFBVV95cUxOYXlTODcxdnNvRzBvSDNXVExoZGdYVUVWRlVEbjIzUnVOYjhid2tHMjEyV3F6MHJnbE15RmliN3l4U25TMnVocTRyYXh0SlpSblV0NWNRVWs2VTNFLUY3cm9TbHR2UTZwN1AyNEdxMmpBejJaazFfNXd6OG9jcV9jRHNGb3RkZTVzNTN1Q2k0R21lN3cyZXlVNUZZd9IBoAFBVV95cUxNMm95bGZ0X2VLNWw5QVVlSFdsSjJseDNIMl9kNG1fMGk0SmdPZ1JOcy11ZVJHMW5CN09QRmZRMVlVRXdJU0VQMzBxS05vZm5FcW9NQ2RIdjNobVU0dENDWFhFNkJQZmFRWWZEdEY1cUZzVWJMZ1c2NFZVeElCR1h1dmNwSlBqTWJYWHVEc1FuWTlaRDVENGxTWXVHQjNQQUR3?oc=5,Lagos set to demolish Agege buildings in viral flood video - Vanguard News,0
2022-10-24,Victoria Island,6.4281,3.4219,https://news.google.com/rss/articles/CBMivgFBVV95cUxPZ3pSd0dqUktuOE1lT3ZGcG1zMDZzNy1uUEZ5ZjNFWHVYNVdZV01GdGVxNWNJaXo5THFDZGlCTzhWMl9xYzRlU3llbjRuUDA3eUNadk9KSW12Tm50dmpUc3otdXJSa1piOUpoUHItU1VLWUNFTVdGdWtMN0dhWHpSSnVHT01nRnREblZuRWhwaXVkQ1JDUXhPMndiNjBMSUxiU1R4X2VMUm9vaXRsUG14WjFDQkp4NTQ4UVh1TndB?oc=5,"Ikoyi, Lekki, Victoria Island residents must beware: Water level of Lagos Lagoon rises - PM News Nigeria",0
2022-10-24,Lekki,6.4698,3.5852,https://news.google.com/rss/articles/CBMivgFBVV95cUxPZ3pSd0dqUktuOE1lT3ZGcG1zMDZzNy1uUEZ5ZjNFWHVYNVdZV01GdGVxNWNJaXo5THFDZGlCTzhWMl9xYzRlU3llbjRuUDA3eUNadk9KSW12Tm50dmpUc3otdXJSa1piOUpoUHItU1VLWUNFTVdGdWtMN0dhWHpSSnVHT01nRnREblZuRWhwaXVkQ1JDUXhPMndiNjBMSUxiU1R4X2VMUm9vaXRsUG14WjFDQkp4NTQ4UVh1TndB?oc=5,"Ikoyi, Lekki, Victoria Island residents must beware: Water level of Lagos Lagoon rises - PM News Nigeria",0
2022-10-25,Victoria Island,6.4281,3.4219,https://news.google.com/rss/articles/CBMixAFBVV95cUxNdWZldEgzbmlGdkloQ1Fhb1FNRjJ5MmU5WTQ0YS1aMjREMkxlRjFUd3p2ckxqSm0yTmdrRlc4UWxMWWVldmxkYU9WVGxpRUFacTdsbFNrWkdIT2wxLV9ndXVXVlpvOXVwbmdlRkVackpGRXFxaVVpd19KY3FoSzhUdGM5T3MwdURJaVBRczhCN3ZUdjRDd0t4TUV6MmctMFVWS29ydFNpYjNhWlNZQUh5U3BETjlhQ2pMWTJFSjdDMFI0SnRB0gHKAUFVX3lxTE9SQXBUZlJ3cUM5dnJLb3N4bU5MWkJTU0dvMlJLckhRd0R2UXh4blhvdzRmYjRPRzR1V1lJcEF2Z1Y0VkxqUnlWclgxVTNPTFNwMTE2ekVPTWVVVUtxMlNhbndRWlA5ZVdXMVBUVmo1Wm1MRjNWVUVoTTJRX0ZTWEJyb1BnaDh2dlV3THhUb01NX3REVWVGRHN2SXEwWHA0LWZNeXRpVWVrek9mazFvYmNoVHpKVVUxOWl3T1ZXcWRCS3REV3g4RlZMRFE?oc=5,"Lagos State on Red Alert as Flood Threatens Lekki, Ikoyi, Epe, Victoria Island Among Others - Investors King",0
2022-10-25,Lekki,6.4698,3.5852,https://news.google.com/rss/articles/CBMixAFBVV95cUxNdWZldEgzbmlGdkloQ1Fhb1FNRjJ5MmU5WTQ0YS1aMjREMkxlRjFUd3p2ckxqSm0yTmdrRlc4UWxMWWVldmxkYU9WVGxpRUFacTdsbFNrWkdIT2wxLV9ndXVXVlpvOXVwbmdlRkVackpGRXFxaVVpd19KY3FoSzhUdGM5T3MwdURJaVBRczhCN3ZUdjRDd0t4TUV6MmctMFVWS29ydFNpYjNhWlNZQUh5U3BETjlhQ2pMWTJFSjdDMFI0SnRB0gHKAUFVX3lxTE9SQXBUZlJ3cUM5dnJLb3N4bU5MWkJTU0dvMlJLckhRd0R2UXh4blhvdzRmYjRPRzR1V1lJcEF2Z1Y0VkxqUnlWclgxVTNPTFNwMTE2ekVPTWVVVUtxMlNhbndRWlA5ZVdXMVBUVmo1Wm1MRjNWVUVoTTJRX0ZTWEJyb1BnaDh2dlV3THhUb01NX3REVWVGRHN2SXEwWHA0LWZNeXRpVWVrek9mazFvYmNoVHpKVVUxOWl3T1ZXcWRCS3REV3g4RlZMRFE?oc=5,"Lagos State on Red Alert as Flood Threatens Lekki, Ikoyi, Epe, Victoria Island Among Others - Investors King",0
2022-10-25,Epe,6.584,3.9795,https://news.google.com/rss/articles/CBMixAFBVV95cUxNdWZldEgzbmlGdkloQ1Fhb1FNRjJ5MmU5WTQ0YS1aMjREMkxlRjFUd3p2ckxqSm0yTmdrRlc4UWxMWWVldmxkYU9WVGxpRUFacTdsbFNrWkdIT2wxLV9ndXVXVlpvOXVwbmdlRkVackpGRXFxaVVpd19KY3FoSzhUdGM5T3MwdURJaVBRczhCN3ZUdjRDd0t4TUV6MmctMFVWS29ydFNpYjNhWlNZQUh5U3BETjlhQ2pMWTJFSjdDMFI0SnRB0gHKAUFVX3lxTE9SQXBUZlJ3cUM5dnJLb3N4bU5MWkJTU0dvMlJLckhRd0R2UXh4blhvdzRmYjRPRzR1V1lJcEF2Z1Y0VkxqUnlWclgxVTNPTFNwMTE2ekVPTWVVVUtxMlNhbndRWlA5ZVdXMVBUVmo1Wm1MRjNWVUVoTTJRX0ZTWEJyb1BnaDh2dlV3THhUb01NX3REVWVGRHN2SXEwWHA0LWZNeXRpVWVrek9mazFvYmNoVHpKVVUxOWl3T1ZXcWRCS3REV3g4RlZMRFE?oc=5,"Lagos State on Red Alert as Flood Threatens Lekki, Ikoyi, Epe, Victoria Island Among Others - Investors King",0
2022-10-25,Lekki,6.4698,3.5852,https://news.google.com/rss/articles/CBMivgFBVV95cUxOcVd0cTgxcFUxNzI0NVc5V2k2NWIxY0lOSXJ3QXo4SGlrblVRSmZmbXlBNjYyTTY5M2dhWEFmdDJjQUlIWDJQX0JEcC1EYnlFdzBXaHlsNFZ0V3BvS3A1QW1CcC1WUll6aGZZZi1xbGI3RUJzd21nSV9Ga01oRkFXZlA0eXJKRzlISm55QjNEQ0pmUFdIQnl3d2MtWjVLU3o1Y3E5MFlsQlMwendDUTVSUk5oSF90bEhLSFFVZHh3?oc=5,"'Be wary of flooding from lagoon's high tide,' Lagos govt warns residents of Ikoyi, Lekki, others - thestreetjournal.org",0
2022-10-30,Ikota,6.43,3.55,https://news.google.com/rss/articles/CBMinAFBVV95cUxQTU9iT0FUQVVvUUUyQTVab0NUcGxLb0VSR3JMaDJFeE81WnE5U0htODlraW84Ym5hWmo2aUNiNzZmZnJfSG9BaXFMUlpuMnN2MW1aTWtjcEdrcV9nTzlFS3V1dTlJSjVKb2Y1SEwwMEZLd081LUdJa1RtVzI3SWtsUkNTZHJ0OVBUaXlmOWpnU3ZxUmRnZVpBOEZKOGo?oc=5,Residents beg Lagos govt to stop demolition of Ikota Estate structures - The Guardian Nigeria News,0
2022-10-17,Ikeja,6.5958,3.3392,https://news.google.com/rss/articles/CBMihwFBVV95cUxNa21UcnpCNEg5SGFJaFJFM09vakx6WFc3TU9BdEs1TjlrYzZpRlpfS09IMDZkc3YwRG1uUFJfamt2RFprWHJIMmhLaW5yTTBJMkFSbFE2NlpWcGc4S24yMlJfYzZvdkl1SVBMMVhqeEpKMWQyYXlIcVNjRGl2TGl2VHMzYUVJY1U?oc=5,Ikeja GRA: Telltale signs of a Government Rejected Area - The Guardian Nigeria News,0
2022-10-24,Epe,6.584,3.9795,https://news.google.com/rss/articles/CBMiigFBVV95cUxObkE4UVZFTmh4YU5EREVhZVBSeWZFSWU3N1hHUGlXSlBCLXpGQWFaYlF2Wno2eklUdmo0YndmN2IzMjlXeFpHU3c4RHZ1M1hMTzJLSU9SeF9leTdtOXhJQ1hvUWV6TVF1OUljLU9ueTgwck9iMHdkcWczNzdGOURuNE5pVm5lbGM3TlHSAY8BQVVfeXFMTUN0d2VBRjYxM1VIQUJ3aW96NTNaVUFNbk9DN1k3aGhGN0x0ZWdBYk81MVZaLURxdm1SbnF6cHZfd0pnLUJvZXp6TjhXaWE3NG5DUGVBVUxOejl6ejc1c19INHVxa2l3MmhrZXFlT1BQNlZiUE9IX2lycWo2WktuZ3E5c2lCWUR0b0dIcWV6Z3M?oc=5,"Floods: Be on alert, Lagos tells residents of Ikoyi, VI, Epe others - The Sun Nigeria",0
2023-05-03,LAGOS ISLAND,6.4541,3.3947,https://news.google.com/rss/articles/CBMixwFBVV95cUxPM1piR21KZFg1bXQzVXBCYzRNdWpDUkJ2Z29LLXR4N2pSVG8zcUJJNkdqZ1htcTN0b2hvWHJFUDEzX203bDdEYy1uNkUtQWlNVG9LNUs5SmMwSDZlN1AzV1hIZUc4TE5fQ2ROX0dlN013dXNHQzBxX2IzX096Y2FuRExxX0pHcElwY2xUdkNqZHFsamRZTjZZLUctbUhhN0JDV2pMOXRUekxxUUZoSHFOSDB6S1pQaVUteU1xeXpvVVBoUVR3ZFdv?oc=5,MEGA PUMPING STATION TO PERMANENTLY ADDRESS ISSUE OF FLOODING IN LAGOS ISLAND TO COME ON STREAM IN JULY – Lagos State Ministry of the Environment and Water Resources - moelagos.gov.ng,0
2023-05-17,Apapa,6.449,3.3596,https://news.google.com/rss/articles/CBMiiwFBVV95cUxNUDRmRnU4a2JPc01UYVRXNlhIbFdpX3oyYzNFUUdkUWtuc3M1Q3JVOWNXVElxeE1YZmhtZXBxSGw5WFdrX3JtQlZ5aE5leE5oZC1NYjNwWjJsX1FFT0R1Z0tRUERPTXJJRUVNbktrZmRuVmljWFdZRW1HR2hRMlVBemx5Wmdsa2xsc2dv?oc=5,"Traders, residents lament poor state of Olodi Apapa road - The Guardian Nigeria News",0
2023-05-23,Gbagada,6.5511,3.3799,https://news.google.com/rss/articles/CBMimgFBVV95cUxORzFJTXlCLTRjVTBBV0MzWW1RNGpwUzhJTjBuWk1xOEFoeGZRQzMxd1h3dEw0U0JGdEdxTEhZQnRwTm9zV3p5RTJPUGtMSkxtb1RkTkVQYmJDOUlralQ3M0wwend0YXdzYjYzSTJ3YUgxQk5xLWFiY1VfQ2V2UzRaaUI0VXVuUWdVTXdBZmRMSFR3Y1pCYkN3UjF3?oc=5,"Sanwo-Olu to commission housing projects in Gbagada, Odo Onosa, others - The Guardian Nigeria News",0
2023-05-15,Badagry,6.4175,2.8849,https://news.google.com/rss/articles/CBMipAFBVV95cUxOWVMxdFh6V1prdFpQNFJfeERqOHlWSEJIamNjX19ZQWtVMkRhTHhTZzFDY1hEOVBoUUNxY1JlYk9idEFFQlBweUE3RWd2TmExdHY1UUExenlUeXNxM05fVGxkTUpTcWNaS1lackc2aUs2NnJwZnFCckZqb1lKNHc1dlItMGtVZmhWVHVnNy1zamo4Tk1pYmoxUldfSjlvMENWNVJDZA?oc=5,Badagry LG chair urges residents to be conscious of sanitation to check floods - Peoples Gazette Nigeria,0
2023-06-13,Shomolu,6.5344,3.3792,https://news.google.com/rss/articles/CBMitAFBVV95cUxOdXlHX0xrRFFlbDctcXdOVHdKYTZBZUpmM3l5Wm9OdHhnczFRUmxLWUxmQWg2NlNJUVk1Z0laeFpHUVlUbkpZSEh2c0ZxYUx0QUJzVE0taTBwUVV4bGtvaEZGN2I1V05wQWhYTlB1NGN2dW8tUHk2ZUlfNjdVUktfdFlXZ1JWTlJpSjV2bnhBVjRwRFlhRnpNdHl6Smlxb3NGTXFWT1hwUkJvb1Q2TkhqSGRneWs?oc=5,Lagos Civil Servants’ Cooperative Savings Are Disappearing — To an Unknown Account in Shomolu - FIJ NG,0
2023-08-16,Ikeja,6.5958,3.3392,https://news.google.com/rss/articles/CBMioAFBVV95cUxOX1hDNXBBV2sweUlpTWtNZTRvU3hURV9MX3lvUDNoXzRROFg1M1dLd29WdUV1RjZpZGs1SlIyVFJZMEJMekNjWXdUekxZeHFESG9IOUZOd2p3U2w3ZXo2SWJ1dE1zM3RINUNBTllnVjliMWJIc1dza0FERDlWNFdfbkhHVF9FVGZyM0oxMzJaTmpxVGhrVnRqWjMxS1NVMTNX?oc=5,"Lagos Issues Flood Alert For Eti-Osa, Ojo, Badagry, Ikeja, Ikoyi - Channels Television",0
2023-08-16,Badagry,6.4175,2.8849,https://news.google.com/rss/articles/CBMioAFBVV95cUxOX1hDNXBBV2sweUlpTWtNZTRvU3hURV9MX3lvUDNoXzRROFg1M1dLd29WdUV1RjZpZGs1SlIyVFJZMEJMekNjWXdUekxZeHFESG9IOUZOd2p3U2w3ZXo2SWJ1dE1zM3RINUNBTllnVjliMWJIc1dza0FERDlWNFdfbkhHVF9FVGZyM0oxMzJaTmpxVGhrVnRqWjMxS1NVMTNX?oc=5,"Lagos Issues Flood Alert For Eti-Osa, Ojo, Badagry, Ikeja, Ikoyi - Channels Television",0
2023-08-16,Ojo,6.4702,3.1416,https://news.google.com/rss/articles/CBMioAFBVV95cUxOX1hDNXBBV2sweUlpTWtNZTRvU3hURV9MX3lvUDNoXzRROFg1M1dLd29WdUV1RjZpZGs1SlIyVFJZMEJMekNjWXdUekxZeHFESG9IOUZOd2p3U2w3ZXo2SWJ1dE1zM3RINUNBTllnVjliMWJIc1dza0FERDlWNFdfbkhHVF9FVGZyM0oxMzJaTmpxVGhrVnRqWjMxS1NVMTNX?oc=5,"Lagos Issues Flood Alert For Eti-Osa, Ojo, Badagry, Ikeja, Ikoyi - Channels Television",0
2023-08-15,Ikeja,6.5958,3.3392,https://news.google.com/rss/articles/CBMixAFBVV95cUxQWVkxME5pX3Z6eGFTYU90R214bFB0U2NCYTAxNThYVi1nOTYzMG13bVpNVHk3RHYzSFJpQjdRdlozQ2FrbUpVSGprQk95SE5hZmlGQ29hNWJmSVRiZ2pfMDRsLUtQUGdVQjE5ZTBqM1lvcGxqWEFQQTliMXBKMlRXM0VuSFFFVXNBUDVlZEUxMXRWTko3LUZfci1ud2xDLWhkbGVpZVc5ZWVXSUowZEd2dWxXc3pjQWN3MkE4NnJVWERKYTNE?oc=5,"FLOOD: Prepare To Relocate Until After Rainy Season, Lagos Gov't Alerts Residents Of Eti-Osa, Ikeja, Others - The Whistler Newspaper",0
2023-08-15,Apapa,6.449,3.3596,https://news.google.com/rss/articles/CBMirgFBVV95cUxORTdEUm5NMndLTkhfcUtqclpBUUxsRXN1a0hPT0N6M1E2dE1jZlQ3NWc5UC11S0RERXlkMGY4bzFyeXZidWZiZ0dnWmw4bEFDWEl3RXl4TUczdWVCY1JMaWgwdVVKTEUtY0lHV18tcWVNNjgwX0k0ZG9wX2k2SDNrRnYzME9sM1ZZT2NSNUhwbUV6bklEUUotdlJLUVdjREVyV2t0VWlCd0lLTWZuLWfSAbMBQVVfeXFMUG55RkJ4WFBnWV9MTWxGLXB6SlpPUzU2T0FkLXMwV0RwZDQ1cXZnZDJEMVl5MXJEbHlZY1ZvYl83WXIzVm12aUt2OVJ4N2c1YkROLVdRb1V2cFgyZDVjQ1M3NVVDeHczWDNNR3ZtRUtTM0kxTGNTaG51aHE0NWNXLTJQQmxpd3hBaFgxeXkwZzc5YUdub09Ed2d3cXZlVzlLZlpsemhQZ1RBLTBTSVRBM1BLT2c?oc=5,"Red Alert: Apapa, Eti-Osa, Ojo, Ikeja, Surulere, others to experience flooding - Vanguard News",0
2023-08-15,Ikeja,6.5958,3.3392,https://news.google.com/rss/articles/CBMirgFBVV95cUxORTdEUm5NMndLTkhfcUtqclpBUUxsRXN1a0hPT0N6M1E2dE1jZlQ3NWc5UC11S0RERXlkMGY4bzFyeXZidWZiZ0dnWmw4bEFDWEl3RXl4TUczdWVCY1JMaWgwdVVKTEUtY0lHV18tcWVNNjgwX0k0ZG9wX2k2SDNrRnYzME9sM1ZZT2NSNUhwbUV6bklEUUotdlJLUVdjREVyV2t0VWlCd0lLTWZuLWfSAbMBQVVfeXFMUG55RkJ4WFBnWV9MTWxGLXB6SlpPUzU2T0FkLXMwV0RwZDQ1cXZnZDJEMVl5MXJEbHlZY1ZvYl83WXIzVm12aUt2OVJ4N2c1YkROLVdRb1V2cFgyZDVjQ1M3NVVDeHczWDNNR3ZtRUtTM0kxTGNTaG51aHE0NWNXLTJQQmxpd3hBaFgxeXkwZzc5YUdub09Ed2d3cXZlVzlLZlpsemhQZ1RBLTBTSVRBM1BLT2c?oc=5,"Red Alert: Apapa, Eti-Osa, Ojo, Ikeja, Surulere, others to experience flooding - Vanguard News",0
2023-08-15,Ojo,6.4702,3.1416,https://news.google.com/rss/articles/CBMirgFBVV95cUxORTdEUm5NMndLTkhfcUtqclpBUUxsRXN1a0hPT0N6M1E2dE1jZlQ3NWc5UC11S0RERXlkMGY4bzFyeXZidWZiZ0dnWmw4bEFDWEl3RXl4TUczdWVCY1JMaWgwdVVKTEUtY0lHV18tcWVNNjgwX0k0ZG9wX2k2SDNrRnYzME9sM1ZZT2NSNUhwbUV6bklEUUotdlJLUVdjREVyV2t0VWlCd0lLTWZuLWfSAbMBQVVfeXFMUG55RkJ4WFBnWV9MTWxGLXB6SlpPUzU2T0FkLXMwV0RwZDQ1cXZnZDJEMVl5MXJEbHlZY1ZvYl83WXIzVm12aUt2OVJ4N2c1YkROLVdRb1V2cFgyZDVjQ1M3NVVDeHczWDNNR3ZtRUtTM0kxTGNTaG51aHE0NWNXLTJQQmxpd3hBaFgxeXkwZzc5YUdub09Ed2d3cXZlVzlLZlpsemhQZ1RBLTBTSVRBM1BLT2c?oc=5,"Red Alert: Apapa, Eti-Osa, Ojo, Ikeja, Surulere, others to experience flooding - Vanguard News",0
2023-08-15,Surulere,6.4966,3.3539,https://news.google.com/rss/articles/CBMirgFBVV95cUxORTdEUm5NMndLTkhfcUtqclpBUUxsRXN1a0hPT0N6M1E2dE1jZlQ3NWc5UC11S0RERXlkMGY4bzFyeXZidWZiZ0dnWmw4bEFDWEl3RXl4TUczdWVCY1JMaWgwdVVKTEUtY0lHV18tcWVNNjgwX0k0ZG9wX2k2SDNrRnYzME9sM1ZZT2NSNUhwbUV6bklEUUotdlJLUVdjREVyV2t0VWlCd0lLTWZuLWfSAbMBQVVfeXFMUG55RkJ4WFBnWV9MTWxGLXB6SlpPUzU2T0FkLXMwV0RwZDQ1cXZnZDJEMVl5MXJEbHlZY1ZvYl83WXIzVm12aUt2OVJ4N2c1YkROLVdRb1V2cFgyZDVjQ1M3NVVDeHczWDNNR3ZtRUtTM0kxTGNTaG51aHE0NWNXLTJQQmxpd3hBaFgxeXkwZzc5YUdub09Ed2d3cXZlVzlLZlpsemhQZ1RBLTBTSVRBM1BLT2c?oc=5,"Red Alert: Apapa, Eti-Osa, Ojo, Ikeja, Surulere, others to experience flooding - Vanguard News",0
2023-09-16,Badagry,6.4175,2.8849,https://news.google.com/rss/articles/CBMiowFBVV95cUxQYy1qUnZoUjZoVGtNN3FieDVSWHRYSTF1bjFobThFMF9zOFgtTmxRdVdpNU5XN0pxQmJxY2JWbjMxRzE5a0VwSThmWkN6TkVFNVFaYzVScUdSb0k3REc1YkQ4WmVYX25VRWtYRHJOMEtNZlhNQTZMcTAwZ1FmRjRhUjFocTNPZWUyLVNuc0tfT0lmQ3lrRnlsaWdtaEdwS1FCQ2p30gGoAUFVX3lxTFA0ZHlYWnUtdmxXaUliMnEwTWZRZ2NhVUFLWWo3VWcxX2dTNFMtRG5BeVUwcEZKQWZrd1d3RUNBMS0xS1U2MlJWeEJwcWZ1RUdQMERyU2J6YkxMSWJNVWdidjNuYUFTUXJaX3FvenFwUjg5QzRYQXJHeTkxcUhqQXJmMmQwVzgzaEJTYTA1c3gtU3RCdGRSeVp0VVliYi1lWElwQy1veHltRA?oc=5,"Downpour leaves Lagos-Badagry Expressway flooded, residents groan - Vanguard News",0
2023-09-02,Lagos Island,6.4541,3.3947,https://news.google.com/rss/articles/CBMitAFBVV95cUxNTU5Bem5KVEJMWmhqWURMMlJGM2piYUZtTHIwU0p5bmdET1o1NDV0QzA1VEQtUWN1aS0zV0ZQSnNhSEJEbWhzYnNrUFhTSnZuWFBFeXBCWV9fclh0ZWJtYVQ0WlFtemRqVWtpSExJLUdRNjM0S0NLVjlGNDc0MUZQaDFWUUpiRDFVNFF2eHJXM0h1VGY4b2RjZDI1aFJXdUtCOFdDa1VxMDJQbXNmNDVxdEg1dzjSAboBQVVfeXFMUE9oczRZTHRnck1xMm1FMkdZYlhwMk1WdndOTTR5eE5JcjhBeFU3aGYwSXdsUjIyanY1aDNNbENzdXFNRzgyTGI5RElCRTBWN1UzTWFvTlpWUHBhM21HMW10SGR6cmtFZmJWWUNNaWw5Yjk5QkJlemNuZU1oaHlWRGRickExUnk2bERkWlRSNjJYMEpaZ0VmT2FxamRmRl9RZDc2bVF0blFDM25EYmw1cTE1WExRUW9kMGlB?oc=5,Residents at risk of epidemic as hawkers flood Lagos Island with contaminated water - The Nation Newspaper,0
2023-09-12,Apapa,6.449,3.3596,https://news.google.com/rss/articles/CBMiqgFBVV95cUxNOFN3cGVXYTVxaVpjQm5jbC1Db0F3YllmRmpFOE1RLWwtOFVjNEVqeG9GZm84QnBaeXl0T1BSYVU0SWR1WnBuTmVEdmNoQ2lFWndoeU5CcHh1X1BXakpSZ0FRZGEwS1Y3UXgwSkZhNy1XMTAxRmFjTUFLbGo4RHoxZEtCTWh0YVlUR3N4WW5QYkZDd2YzZDF3em44TjBRc19xOFFzWWNFWW95UQ?oc=5,FG Inaugurates Freight Services On Apapa-Ibadan Cargo Rail - Channels Television,0
2023-09-13,Epe,6.584,3.9795,https://news.google.com/rss/articles/CBMioAFBVV95cUxOQjBkblpoQkJjTkJiTVhjbUg5dlhmaUwyQlFMTTRhd3ItZ2NkZklBUENXTDNrYmFMamJwTUdLYk5qNW5GbFA2WUxZQWRsb05YZ3BQSElVcjJSZ0YxVVNmdVRKVlRyMXgwRlhWUXNCaXA1UnhpbFdobnY0MGRrUWRuWDhHN0dud0VKUFlWTnY0bVBjZHJVUEVqMlE3YkZTdnBU?oc=5,Epe local council in Lagos State begins cleaning of drains to avert flood - The Guardian Nigeria News,1
2023-09-16,Badagry,6.4175,2.8849,https://news.google.com/rss/articles/CBMilAFBVV95cUxQTjNYSmZHS3ZLMGttYWFRaWltc1daQV9BbkpxNUhza1NKZVRVcFlET0lrcVZrc3A1WjdvRHlGbjJVYjRNOGJwSDBYRU1URUhFRXJpbmI0LVFiNjdxZVZkeTl6ZV9ibUtkQlBaYmNmT2FweU9vUnM5dXk4YTNYWjcyV3E1dG1xNllxWjdwendWNVl3WFFj?oc=5,"Downpour leaves Lagos-Badagry Expressway flooded, residents groan - The Guardian Nigeria News",0
2023-10-11,LEKKI,6.4698,3.5852,https://news.google.com/rss/articles/CBMihgFBVV95cUxNLV9xMkNjYjFUTlJrMTYxZjlrdURsZVYzZHpfNm1BMW9LVDU0WUVpQUxMQi13V3UwUGJtcGRUN1lhLUdDRzM5YVhwVjBQRFNCMThwZTViVDdqSlUyZ2gtSm1rU2VLdlpiMDhrZmNldmxMMVJiZG5JTlZ0UV8yWlh5bHFaQjF2QQ?oc=5,LASG REMOVES BUILDINGS ON DRAINAGE SETBACKS AT LEKKI 2 - moelagos.gov.ng,1
2023-10-12,Lekki,6.4698,3.5852,https://news.google.com/rss/articles/CBMihgFBVV95cUxNLTYzcWlFa3ZOTzhSU2JzSDA5Nzd0T0h1SkRDUnhnOGZjeUFFOUpMbHNqRnlBMHJjQ0pEMEhNYzhvcWVxN2l4MWN3UVliWmxQNk0xTEZMQ0RZLU1waHJJZF8zdGF1NElMX1NLbTZpckl4Nk5sd2ZjNzRWN0oyaXc0c2dRX1dCZw?oc=5,Lagos removes buildings on drainage setbacks in Lekki - The Guardian Nigeria News,1
2023-10-18,Ajah,6.4698,3.5852,https://news.google.com/rss/articles/CBMitgFBVV95cUxQak5WWV9MZ2FjYTZYSG5rbVpvNEJUNG9IOXdhQ0JQX0JzU2tsNmNNRmhQTUI0U1J1WmhDOEw2d1hXSjktb25BZU52SGRkd3AwaDVtUDZEZFA2WGFBTFRPMVJFWGI5aDR3VnpmQmI1Umc2QXo2cFhMMjRUWjdIZ3dPUmRZaXRENWJQdE1TRFB5YmlyZnZLZHZyYmlKWVIxWW9XVkM0TnkxMXJ4cnRDMUFDTk9tTkxTUQ?oc=5,"Lagos govt orders residents of Alagbole, Lekki-Ajah, 16 others to relocate over flood - Ripples Nigeria",0
2023-10-18,Lekki,6.4698,3.5852,https://news.google.com/rss/articles/CBMitgFBVV95cUxQak5WWV9MZ2FjYTZYSG5rbVpvNEJUNG9IOXdhQ0JQX0JzU2tsNmNNRmhQTUI0U1J1WmhDOEw2d1hXSjktb25BZU52SGRkd3AwaDVtUDZEZFA2WGFBTFRPMVJFWGI5aDR3VnpmQmI1Umc2QXo2cFhMMjRUWjdIZ3dPUmRZaXRENWJQdE1TRFB5YmlyZnZLZHZyYmlKWVIxWW9XVkM0TnkxMXJ4cnRDMUFDTk9tTkxTUQ?oc=5,"Lagos govt orders residents of Alagbole, Lekki-Ajah, 16 others to relocate over flood - Ripples Nigeria",0
2023-10-08,Lagos Island,6.4541,3.3947,https://news.google.com/rss/articles/CBMikgFBVV95cUxPTEZpaEtfQnpKU2NFd2h4dWdDT3c5WGYzNFBiYWxwdjlLZkdRZ1AxMmZlWDM3S1R0c3oyWkN5TUFjQzVLVlZUclFLOHEtemtEMTRDdEs2WVdKWk1XQ2t0LVg2OXJLSHJIV1NkTmpZLUh6X2xPdjAwTkVyN2dFSFF4OU1HeGE0Rm1acVZuRVMwaXc3dw?oc=5,Sanwo-Olu vows to regenerate waterlogged Lagos Island neighborhoods - Encomium Magazine,0
2023-10-19,Ajah,6.4698,3.5852,https://news.google.com/rss/articles/CBMizgFBVV95cUxPcGhmcnFud3l1TFRGb0JUbHpBOWJWb1BKWnVSN0FjYWU5RXdqWXNvSkVaVTJZTmlGREFuejlnQ3M5Y2REVENiZG0tcmFmWE8yT3VxTGFGMVktcUVHLW1CNE5KVUlLS0lCNFh2RXpqRkhqaWxhNG02WHVqNG9tTS1lRUFSNEpmS2VBekFDcGtOZTVaT3VHVEtzWUhRdXY2dWV2RkZjdlNjczRQZHVqZFRIcm5CSkxINWxTS0ZGZmZSY015bnZjV0cxMnJ0WGJ2QQ?oc=5,"Lagos Govt Warns Residents of Lekki, Ajah, Others of Imminent Flooding, Advises Them to Relocate - THISDAYLIVE",0
2023-10-19,Lekki,6.4698,3.5852,https://news.google.com/rss/articles/CBMizgFBVV95cUxPcGhmcnFud3l1TFRGb0JUbHpBOWJWb1BKWnVSN0FjYWU5RXdqWXNvSkVaVTJZTmlGREFuejlnQ3M5Y2REVENiZG0tcmFmWE8yT3VxTGFGMVktcUVHLW1CNE5KVUlLS0lCNFh2RXpqRkhqaWxhNG02WHVqNG9tTS1lRUFSNEpmS2VBekFDcGtOZTVaT3VHVEtzWUhRdXY2dWV2RkZjdlNjczRQZHVqZFRIcm5CSkxINWxTS0ZGZmZSY015bnZjV0cxMnJ0WGJ2QQ?oc=5,"Lagos Govt Warns Residents of Lekki, Ajah, Others of Imminent Flooding, Advises Them to Relocate - THISDAYLIVE",0
2023-10-18,Ajah,6.4698,3.5852,https://news.google.com/rss/articles/CBMi4wFBVV95cUxNQ0JuVFVjTWdnUm9KdldjOUgxN1hPU2phMnFWTUdSa0h5cWwwMEQtQmpFTDFLVldjRzBEcERwYlk0dTU1OWFKRm9BbF85b1lzYVlWYl9QaXpNR0tjYjBrWExlU1c1emNnWEtDd1JWZjdkNzMtWlNuY2tqMVktM21TYmNWZTdNMFdlc1l1eEc0WGFIb010Y3pqM1dVczMwYkxudHF1TXU4U1Bxd3ZKYXhDMUFQcnJ5Mlpucm5HaXpER0NlS09oaXB6TGlrNWE1SUFUS1RReFRham1zQ243aWJvS29scw?oc=5,"Flood: Lagos orders residents of Alagbole, Meiran, Kara, Isheri-Olowora, Owode-Onirin, Ajegunle, Lekki-Ajah, others to relocate - freedomonline.com.ng",0
2023-10-18,Lekki,6.4698,3.5852,https://news.google.com/rss/articles/CBMi4wFBVV95cUxNQ0JuVFVjTWdnUm9KdldjOUgxN1hPU2phMnFWTUdSa0h5cWwwMEQtQmpFTDFLVldjRzBEcERwYlk0dTU1OWFKRm9BbF85b1lzYVlWYl9QaXpNR0tjYjBrWExlU1c1emNnWEtDd1JWZjdkNzMtWlNuY2tqMVktM21TYmNWZTdNMFdlc1l1eEc0WGFIb010Y3pqM1dVczMwYkxudHF1TXU4U1Bxd3ZKYXhDMUFQcnJ5Mlpucm5HaXpER0NlS09oaXB6TGlrNWE1SUFUS1RReFRham1zQ243aWJvS29scw?oc=5,"Flood: Lagos orders residents of Alagbole, Meiran, Kara, Isheri-Olowora, Owode-Onirin, Ajegunle, Lekki-Ajah, others to relocate - freedomonline.com.ng",0
2023-10-11,Lekki,6.4698,3.5852,https://news.google.com/rss/articles/CBMimgFBVV95cUxOLXVqbnY4a0xuY3p2bjhSblJPMkxDeWphbUl5bFFuYXljZ0QzMWprRHBaalotVW5keUFBc1pSOGJjcEg5NldHdC1MZlNIRlRkODVsYmNSZTFwSVlNVHhxY196WFlEeUpMcW91UnhzV1hRREM0SmFsdGFleGhORndDLTVGazJKQlRrQUFLUWtuX2hlN25reTd3VE9R0gGfAUFVX3lxTFBGS0cySTNvWmx6M0ZJQXRlcDFmODFHRWhlUlhJX0lhSkNaU3p5emZ6TlItTlJRUnMzNWo5bldXYnBDcVlJMlRvbXpMSmlZNjBWTUxidVRaUGVqSU82Q2RmV3pUV2RwX1lRQmt2MHo4WDdiamxXdnhiZGdNcERkb3dVTFhweHBJd1V0SGNxb3BBbVBvblhYdE43dFRMdVJwVQ?oc=5,Lagos commences demolition of illegal structures in Lekki - Vanguard News,0
2023-10-27,Lekki,6.4698,3.5852,https://news.google.com/rss/articles/CBMiiAFBVV95cUxQa0NqWHdVRlBnNlBlZWNpeFNuUC1yZ1ZxdUhwZF9KS05uUEZmRC1pekthajlGbGhXbHVZT1M1N1FBbkFCbUlTMF9LbjBHYVBTVnZjZ05wZldadG51RXUzOGhWLU5PRTctQmJzYlpFbXdzdTlCakJfRkhHa09qcU5tOVJXc0JYS253?oc=5,Lagos resumes demolition of illegal structures in Lekki - The Guardian Nigeria News,0
2023-10-27,Ikota,6.43,3.55,https://news.google.com/rss/articles/CBMidkFVX3lxTFBySERWNDVTTzhJaUdyMmdHX0pUQWU2VTAwTVBaeG96cTd3S0NZQTl2bHpfMWktUmFmekFWa2x0aGtKZE81N1pmSTFJMGFpRHpUS1hGMHUyNGRuRmNCUWVSV0M1YTdyR1dVQW45VjhkZHNOUDAyaGc?oc=5,Lagos demolishes more buildings in Ikota Villa - Punch Newspapers,0
2023-10-08,Lagos Island,6.4541,3.3947,https://news.google.com/rss/articles/CBMipAFBVV95cUxQSUtUb3NLQWVVT2k3aEktUE13bVRPbEZ3Tm9mcDNMdVBtLTNYZmhGTGwtaElCaFIwZEUxb0pfeUd4ZjNLUm9URHhqTlJyclB6QkVsV1JzVmxHMnI5RE9OeDdDT3d5SmtWa1RaNzZnWGJCZWpkV2RILTgxeWlOdG9zNU5FOENmLUgyUXd6Q0ZDekk3emc4Qk5BcG9jSFNDdWw4NEh0Sg?oc=5,"Sanwo-Olu orders demolition of Jankara, Bombata markets on Lagos Island - Ripples Nigeria",0
2024-04-21,Ikeja,6.5958,3.3392,https://news.google.com/rss/articles/CBMikwFBVV95cUxOQkF6QzViMk9KeVI0QVlreldSSHJ6Vkl0N1FiWkhBSHRuSnJ1T1dNeEZNYmx5TS04Q0lkQ3RIQnRnRjYwM3hLdHQ2a3hxdTcxVURUVlR4TWh1cmp2T0g1QjFrSEpKWDhEc280VWFEMVFWWnMyeFZlSVlJdnhBb1c0Ym1Fb0tXQThIcG5PSk0xU25uclU?oc=5,Flooding: List Of Vulnerable Areas in Lagos To Watch Out For - Ikeja Record,0
2024-04-02,Badagry,6.4175,2.8849,https://news.google.com/rss/articles/CBMiiwFBVV95cUxQN0VpYmlfTmZzMjhmd21oODNabFVXNkpBdm5SOWZjcHQ1MFBGWTdrQXJoemtjeWlLSHpIQW9mODh4UFlsdlhiZ3M2Vm9HNnczOTN3Qkx4ZnVXVy1YbU91Z0JiMUJfZHlBRGU4bktTVjcyZl8yVXc5VWVUbXBxWnAwb2lMdEhlLTQ4UW5J?oc=5,Easter: Revellers flood Badagry Beach amid tough times - freedomonline.com.ng,0
2024-05-06,Lekki,6.4698,3.5852,https://news.google.com/rss/articles/CBMimwFBVV95cUxPTDFlekpyOGhVSTdpVGxaWGtUWXpiSl9kWlhOZFpYWnAzX3ZuNmRJRldyemlFYlItOFZTWnFXbHc5ak9MU0ozUGFxZkRRYzZTY2c5OElkbW5QU2VHQjhQamc4aG9BX0U2TUxhcS1PME1Ma1FsSkdpY2huNXUzek8wbTVOWTgyNkgtdUh2MEplNXNueldnT0pqNUJ4OA?oc=5,"80% of buildings in Lekki have no government approval, says commissioner - TheCable",0
2024-05-16,Lekki,6.4698,3.5852,https://news.google.com/rss/articles/CBMihAFBVV95cUxNYmVXWGhrVXFGM1lTQkZZVk51aWlCX2tXTW1PN2QzR01oTDFqX2Z4NHhvYTFCSzN1Q2tUNm54dVZlNlkzQWdNM3dUUWR1N25oVElhaFdRR3ZZR05IU09SWTdwZm1BelktM0dPWVBzRkhTN3FST2RuYnBaMWF3T1RkYVc3c2E?oc=5,Sanwo-Olu: Doggedness in upgrading Lekki-Epe highway - lagostoday,0
2024-05-16,Epe,6.584,3.9795,https://news.google.com/rss/articles/CBMihAFBVV95cUxNYmVXWGhrVXFGM1lTQkZZVk51aWlCX2tXTW1PN2QzR01oTDFqX2Z4NHhvYTFCSzN1Q2tUNm54dVZlNlkzQWdNM3dUUWR1N25oVElhaFdRR3ZZR05IU09SWTdwZm1BelktM0dPWVBzRkhTN3FST2RuYnBaMWF3T1RkYVc3c2E?oc=5,Sanwo-Olu: Doggedness in upgrading Lekki-Epe highway - lagostoday,0
2024-05-06,Lekki,6.4698,3.5852,https://news.google.com/rss/articles/CBMivgFBVV95cUxNaFozTGVNbHZYOEQ3TlFvYjhSdVdmamdHQU1IbC1LNWs3cFdfRk9ubW9HX2JyaTU4RXVKXzdCczhud2t1c3M3bWFrS21MdlhZXzZ0cUFOUE0xOXNCaWM0UjBvTnBITEl0VEQxMzhGVW5nSkpxNFY0RG5MQTZ0eUFiUDBqZTJvN2wydm45bjNtcVB2M3hweWt6XzFORmJVQWZ3WGFhVWlhQllkRVlVaEpZYVdueU5TUjNQMHNpcUJR?oc=5,80 percent of buildings in Lekki axis are not government approved - Lagos commissioner claims - thestreetjournal.org,0
2024-05-28,Mushin,6.5244,3.358,https://news.google.com/rss/articles/CBMinAFBVV95cUxPRGttcVlEa1o1U2FhWXJEY0gyeUprM2hIWWUtaHkxVi1qaHhQRU1xa19ESGFfS2F4dmx0SUxFYkRkUjZIUk5tTHNFTXh4R2JTVEZSTDdycW9FRjJOQUYzSWVCb081UFJrLW1IZDRUUjFFbEhpSENNdnhxN1hzSktaS09HdTZONWJEQWxDMEdpRU9ZdkdmLTl1YUc3LTE?oc=5,"Collapsed Mushin mosque: Six persons discharged, three still in hospital - The Guardian Nigeria News",0
2024-07-10,Bariga,6.5385,3.389,https://news.google.com/rss/articles/CBMiwwFBVV95cUxOWkk1RVdiRmdMekJBamp4cTJBODIxUlN0YnJVQlFHZ1M5V0VHUDFKZjllTV9EV1R5RkNWdjN6TUdXMUVoUmt6RnRmTU5DdkMxM1h6VTRPb0V4bEFkTmwxdWtMVkJjaWwtRkRjNnhObkpLVHNvQVdHZW8xdW44SkNiYjlJVUlxTzNTWnVkWlowNU45R1BQREh6Y29PRzlhTW9vLTlPdHlvb2tTQm8zbXQycU5KWUprNG5PR3FUNWZ4S0NwOXfSAcgBQVVfeXFMUHh5VThzNkkxVGtvQlhiWTdnUW1lVldRU0tpM0haNTJ2eHNkbndlOVI1MkpGX0wwbjJfS1RBMmlqNWV3RzV1VVBhLUJVQ1pfci1PdVZuUUhmOU5RcGZyZ0EtU2x6aEp3WGZPU3JodXdTazI0MjBtMHVxUGg1UGZpUld5S0pUY091NUo5U0RURVo3VWFQZ1V6TC04QW1GMHV5V3VyS3hHX19ydk9HSVRQVjR6YUZtUS0xNktrYmRKWC1xR051NUdJZF8?oc=5,48hrs quit notice: Lagos commences removal of illegal shanties on Gbagada-Bariga drainage - Vanguard News,1
2024-07-10,Gbagada,6.5511,3.3799,https://news.google.com/rss/articles/CBMiwwFBVV95cUxOWkk1RVdiRmdMekJBamp4cTJBODIxUlN0YnJVQlFHZ1M5V0VHUDFKZjllTV9EV1R5RkNWdjN6TUdXMUVoUmt6RnRmTU5DdkMxM1h6VTRPb0V4bEFkTmwxdWtMVkJjaWwtRkRjNnhObkpLVHNvQVdHZW8xdW44SkNiYjlJVUlxTzNTWnVkWlowNU45R1BQREh6Y29PRzlhTW9vLTlPdHlvb2tTQm8zbXQycU5KWUprNG5PR3FUNWZ4S0NwOXfSAcgBQVVfeXFMUHh5VThzNkkxVGtvQlhiWTdnUW1lVldRU0tpM0haNTJ2eHNkbndlOVI1MkpGX0wwbjJfS1RBMmlqNWV3RzV1VVBhLUJVQ1pfci1PdVZuUUhmOU5RcGZyZ0EtU2x6aEp3WGZPU3JodXdTazI0MjBtMHVxUGg1UGZpUld5S0pUY091NUo5U0RURVo3VWFQZ1V6TC04QW1GMHV5V3VyS3hHX19ydk9HSVRQVjR6YUZtUS0xNktrYmRKWC1xR051NUdJZF8?oc=5,48hrs quit notice: Lagos commences removal of illegal shanties on Gbagada-Bariga drainage - Vanguard News,1
2024-07-03,Ibeju,6.4469,3.7238,https://news.google.com/rss/articles/CBMiUkFVX3lxTE9DSmwwTWhINnpTeEQ2RWJGQ083T1pSUWhGQldncHNMa0YyUFYzVGE4Zl9MMG9aRDVCQXBfOEY3cHRwNEVyOWtrREwxMUNtOVBSMXc?oc=5,Flood has taken over residential areas and major roads in the Ibeju-Lekki area of Lagos State following heavy rainfall in the past few days. The News Agency of Nigeria (NAN) reports that the rain which lasted for many hours on Wednesday resulted in flooding - instagram.com,0
2024-07-03,Lekki,6.4698,3.5852,https://news.google.com/rss/articles/CBMiUkFVX3lxTE9DSmwwTWhINnpTeEQ2RWJGQ083T1pSUWhGQldncHNMa0YyUFYzVGE4Zl9MMG9aRDVCQXBfOEY3cHRwNEVyOWtrREwxMUNtOVBSMXc?oc=5,Flood has taken over residential areas and major roads in the Ibeju-Lekki area of Lagos State following heavy rainfall in the past few days. The News Agency of Nigeria (NAN) reports that the rain which lasted for many hours on Wednesday resulted in flooding - instagram.com,0
2024-07-08,Bariga,6.5385,3.389,https://news.google.com/rss/articles/CBMiqwFBVV95cUxQQzRLeDRtWWtuVDhhcElkclpoUnBwVm5RZHlueGl4dUNiV256ckx4cXlTcUc4RnRMVE5NcXNFa3h3dGlBQ3lCZzRyLU5XU1pUUlJZVHI1S3p2RmtSd2wxbkhMMWh0ZTdlR2Nwd0pFallWNXNnMjJPVTBiVXBIUEVwWk11MmhPbE10b2hLU3NadkxOT041LW54cVZQdHJQei02VVFIbTBMYmRESXM?oc=5,Flooding: Lagos Issues 48-hr Eviction Notice To Gbagada-Bariga Canal Squatters - Channels Television,1
2024-07-08,Gbagada,6.5511,3.3799,https://news.google.com/rss/articles/CBMiqwFBVV95cUxQQzRLeDRtWWtuVDhhcElkclpoUnBwVm5RZHlueGl4dUNiV256ckx4cXlTcUc4RnRMVE5NcXNFa3h3dGlBQ3lCZzRyLU5XU1pUUlJZVHI1S3p2RmtSd2wxbkhMMWh0ZTdlR2Nwd0pFallWNXNnMjJPVTBiVXBIUEVwWk11MmhPbE10b2hLU3NadkxOT041LW54cVZQdHJQei02VVFIbTBMYmRESXM?oc=5,Flooding: Lagos Issues 48-hr Eviction Notice To Gbagada-Bariga Canal Squatters - Channels Television,1
2024-07-03,Ibeju,6.4469,3.7238,https://news.google.com/rss/articles/CBMimgFBVV95cUxQYUpZZlM5YlFLek1oZ0ZyTFFiX1plaUlrZzRrU0FxWnJkcDJCWXIzV0RrNmlKb1lpbENRNk1CX0Njb0MwT1ROZnQyYlFVOUFESGZmdmVOclRhY2JhYjA3MFpCLWQwZi1JV0pGZ1VJYUhzMlZYaXBfMWx1emFSd0Ywenlxd0J5SHhEVEh3ZlV2cUx4QTFDQ25zZWtB?oc=5,Ibeju-Lekki drowns in floods after heavy rainfall - PM News Nigeria,0
2024-07-03,Lekki,6.4698,3.5852,https://news.google.com/rss/articles/CBMimgFBVV95cUxQYUpZZlM5YlFLek1oZ0ZyTFFiX1plaUlrZzRrU0FxWnJkcDJCWXIzV0RrNmlKb1lpbENRNk1CX0Njb0MwT1ROZnQyYlFVOUFESGZmdmVOclRhY2JhYjA3MFpCLWQwZi1JV0pGZ1VJYUhzMlZYaXBfMWx1emFSd0Ywenlxd0J5SHhEVEh3ZlV2cUx4QTFDQ25zZWtB?oc=5,Ibeju-Lekki drowns in floods after heavy rainfall - PM News Nigeria,0
2024-07-13,Lekki,6.4698,3.5852,https://news.google.com/rss/articles/CBMiZEFVX3lxTFBseWdsUXJmSm9KUjJZR0FySjJxSmRIbXZHYWdhbm56SWt5a2R2azUxMDNaQmRmaWk4aTRadVFNV2J6aXlyQ2lzOGlhTktXRFN3bmNCcElTT0dsQnZlTmJfSnhUUlo?oc=5,Lekki floods: Agony of the rich - Daily Trust,0
2024-07-03,Oshodi,6.5567,3.35,https://news.google.com/rss/articles/CBMiXEFVX3lxTE50YlR0WlFsZTZFSi04ZWhsUzZyUkZUalVGX3pmT0N1c2pjZWlqR2tNanh2WDk3YWwzelJITzMzaS1iTUoxWDN4bldva2xvWWk1S1hjcWJ5dklhd3Rn0gFiQVVfeXFMTTNxVHR2aGJJTy0wWkRmaUo3LWVuUWNVVGdJS0s3Q1JoMnE5UGlwMGpuU2lIVWRNZTRtVE9XS2ZRbGFkMHU1QXBHa3E0ZUJlN2pFdm5WMmtGNFZTT2xJMmh5U2c?oc=5,"Lagos flood: Lekki, Oshodi, Iyano-Oworo hit as early morning continuous rain cause damage - BBC",0
2024-07-03,Lekki,6.4698,3.5852,https://news.google.com/rss/articles/CBMiXEFVX3lxTE50YlR0WlFsZTZFSi04ZWhsUzZyUkZUalVGX3pmT0N1c2pjZWlqR2tNanh2WDk3YWwzelJITzMzaS1iTUoxWDN4bldva2xvWWk1S1hjcWJ5dklhd3Rn0gFiQVVfeXFMTTNxVHR2aGJJTy0wWkRmaUo3LWVuUWNVVGdJS0s3Q1JoMnE5UGlwMGpuU2lIVWRNZTRtVE9XS2ZRbGFkMHU1QXBHa3E0ZUJlN2pFdm5WMmtGNFZTT2xJMmh5U2c?oc=5,"Lagos flood: Lekki, Oshodi, Iyano-Oworo hit as early morning continuous rain cause damage - BBC",0
2024-07-07,Lekki,6.4698,3.5852,https://news.google.com/rss/articles/CBMiqAFBVV95cUxNY0JlSEFCMXZ1VnFmUGhBRjY5S0tTdVo5dWJGd19SSmZ1S21YOVNtbkhFWUQxMzdzXzZiWEpRMVdUS3I0aXRhbGhRUDI2Ykg0NDRCZ3BwNnpuMkIzMDUzaWhsY04tUmpDcDlhNFhEMURfTk12MlZ6akttTGVkdTR6RXRqVkVPUEdWT0pGMlM3OGQyYUtxajhMLVZ6WEZyX0E2Mkt2RC1hNzg?oc=5,"Lekki, Ikoyi residents flee luxury mansions as flood overrun homes, streets - Punch Newspapers",0
2024-08-06,Epe,6.584,3.9795,https://news.google.com/rss/articles/CBMimgFBVV95cUxQY0lqYnllZFhMeGpEYWUtZjJfNWZsVDZPbWVYcUtyMWRocFpCSFlDMUlEc1ItWGRoZERvaU52eXpsaUVRQ2kwS2JCLVg1UnVuelBFM01UQnVmbUMtSldxZjA0QXhjQmNUeF9ORnNNeDhFNTE2ZC1uNk5PcFZzVXBERlpNYm1mRGtORVFUbjFTT1J0bG1kWTF2TWZ3?oc=5,"Establish Nursing School Next Year, FG Tells Epe Federal Medical Centre - The Whistler Newspaper",0
2024-09-03,FESTAC,6.4685,3.2728,https://news.google.com/rss/articles/CBMiigFBVV95cUxQWUhDb2JOZ2lza3BNUWJzVS1lUmktX0QtT0tLejJnM2xJelhsY0d5TzhhRjJQemVOa2ZWbEtwWW5ZOEVfdmx1TjNnM3JNNENYRDQ0d2FCVTVMVVJBN256Y0hCckpfZks0N1REYTh3akRyVTI1R0l5cThBQ3l3Ny12Ui1PSF9fSF9kZ0E?oc=5,FHA begins rehabilitation of FESTAC Town’s infrastructure - The Guardian Nigeria News,0
2024-09-16,Egbeda,6.6018,3.2925,https://news.google.com/rss/articles/CBMiugFBVV95cUxNcHpLcnFVZ3FCMDR1My0zWnN2enBRaUxQQ0tWeXRMcjlsb1VBdGdtNWJKc2VVM1cyQmdxZXRudWZHWHhIYmhHR0N3YVY2RjFzWjk0OWYwMVY3cFFESVYzVzlOdnpRLVRGdzB2QWhoTVFrTG9JTjFwb1B1SnRXbURBd2hGWFEwb1VlUkpqNG5xV08wZFpGWTJHNktmYlpvTFZiZlVHYjdiSWwwclRCNXVyZzVNeEVQU29adGc?oc=5,Lagos Govt seals Egbeda fast food outlet for discharging waste into public drains - Nairametrics,1
2024-09-08,Ibeju,6.4469,3.7238,https://news.google.com/rss/articles/CBMinAFBVV95cUxOaVBYUE9YWHkyeTAxUnFiTjV3ZDdyRE8zR2JmUWhCNVFtakNGcDV5TklkMkFGR2xiUG4ybTJPckE1Zk1IX2dEMUtJSWlWaWRkVng2UXVyUV9YTzlrZFhTXzdGc3NWNnFUM3hNcDBheURBaUxpc3Q3YmZwV2JYbUZRYzZ5dnozVjYwbjBnbDZoYnVzMDZZR0JKakNSMDfSAaIBQVVfeXFMTzZuazN5NjNqQ1g3c1FZeWZPUWxiUXhBV2xhTzJpOGVZaWpJR0JsbGZMM0NGbU1idnVDSXFkVWMxaHotTTlLVWZXUm1FdGVNRXN4NjUwUjBucy1pUTdtdUV5RzZaMVhVVlYzWHM1eEZQUHBJWV9fVDk3RExubHlCWU9RM0hnZnM1TVRvdHhvS3FpSmtvT0dCOVRVYlprV1JrU2t3?oc=5,"Ibeju-Lekki: Residents of Lagos community agonise over bad roads, power outages - The Sun Nigeria",0
2024-09-08,Lekki,6.4698,3.5852,https://news.google.com/rss/articles/CBMinAFBVV95cUxOaVBYUE9YWHkyeTAxUnFiTjV3ZDdyRE8zR2JmUWhCNVFtakNGcDV5TklkMkFGR2xiUG4ybTJPckE1Zk1IX2dEMUtJSWlWaWRkVng2UXVyUV9YTzlrZFhTXzdGc3NWNnFUM3hNcDBheURBaUxpc3Q3YmZwV2JYbUZRYzZ5dnozVjYwbjBnbDZoYnVzMDZZR0JKakNSMDfSAaIBQVVfeXFMTzZuazN5NjNqQ1g3c1FZeWZPUWxiUXhBV2xhTzJpOGVZaWpJR0JsbGZMM0NGbU1idnVDSXFkVWMxaHotTTlLVWZXUm1FdGVNRXN4NjUwUjBucy1pUTdtdUV5RzZaMVhVVlYzWHM1eEZQUHBJWV9fVDk3RExubHlCWU9RM0hnZnM1TVRvdHhvS3FpSmtvT0dCOVRVYlprV1JrU2t3?oc=5,"Ibeju-Lekki: Residents of Lagos community agonise over bad roads, power outages - The Sun Nigeria",0
2024-10-21,FESTAC,6.4685,3.2728,https://news.google.com/rss/articles/CBMi1AJBVV95cUxONGxqWVNTaERtOE1HenNxbEEtTHhCVXBCcHZfSkVFdHlGd1JPMHdydk5vRTZ5WnYxbngyaFZ3ZHNIaC1Ub3UzczVPUFVUSEt2RnJxek5acXpYeXY4U0dDcVplZkkwTTdkR19YRlRGT01LaE5sLUJUMmN5QXFhcWRiZThfZ3ZDLTBaNDBfWWhseUp6ZGNfRVE3ci1VZGRKZDlIeTFEbW1NWXpWNmY1MWNlRGh0dEtZOFV1azRmcjhZelVpX1hBSTBNVXY4ZGt3eFRfOFh4akJ4eVJJaHRIOW5VdzBJMXZtUmlqNTJWdXJRVG5hYTJZSFFTdFNyb2dURDR2UkNZNjhzNDFFREFpY3dES1g1RS1saUdmRllCYlpybklrNXNsdnRPcldUYWF4U2Z1amRpTWt2WjdHTEFudUNCdGpYQTczM2M3MXlhNW5ZOG1VWUhS0gHaAkFVX3lxTFBfV0M1RnVKOXgwdmcxbWlLekZnNGFWZlJvS0ZvZmgtcDBRRF8yQmRvY2ZmZExZNFJaT0pzaFh6MWJZZ1kxU1dnUnpQbUNZck9YWUNXbU94SHBaRTVQY1B5NTJTZFNDOWFyNUdpcUktcHVRZFdPaHZ0V09peGcxYUZQQXpsZXFqVjA1ZDU0VElfeXhBbTM3YWxYUnBuQkpWTGNyaklRRUxBV0xJM2NoWUxWX2VyY1E0VXdENEpta29CN0RHOURYMlptRXd3Rkg0YXN2XzVibS0za3hIaXFrOGlFSFdFRXJndU10bHNsTGxWS2stdE0zUzBGaXlwNDh3Y28tbjVYRFZKbUJPeFgtWFRwWnl5bE5ZYVJzTlkxUWxaWnVocF92aXo5b19pNXZNODRoRWQ1R1daOWt2eDBuYWQ0RlkzUHZoeXdvMTlmM1lBYjJoRVJaa240SHc?oc=5,"Lagos govt dislodges roadside traders, destroys shanties in FESTAC - Vanguard News",0
2024-10-26,Lagos Island,6.4541,3.3947,https://news.google.com/rss/articles/CBMitgFBVV95cUxPRUlTLTRzb3ZUQkk2ZlNPZFVDSy1TaHQ0MzQtdTZQMmctRlVFR1NsVW5IZllNMlppdHp5STl4MU5sdWp2a2RiM24yNGJkajZuZjN1cWt6eWFHTU1NTzZrdGhqT2MtU01pVDM1dTJ5c1Z3ZEFsOGpUaTlSbGM2eHk1SGdyNFkwSXBsTkMxNTEydGdrbUR6d0h2TUlENTVKalZkVy01ZXctSDBSUlRqSV9aY2pvQWNGUQ?oc=5,Lagos govt to reconstruct 13 collector drains in Lagos Island to curb flooding - Nairametrics,1
2024-10-08,Ikeja,6.5958,3.3392,https://news.google.com/rss/articles/CBMipAFBVV95cUxQc1Z1V1RUQW1qc2FLS2V1WVVkWC1uQTNCMnprYmhzVmJxdTN1ZS1sWkdfQTQtTk9jN3MweGJXVEpHaWp2TEplaUlqM19XYTJ1VlpEQWJUQXBmWXZ6OEJSTTZUdF84RGF5ZEtZanplbHZES2V3aVdaX0tkTjVkeGdrRVg3bnR2RXhwVW1JblZmYS1tYmtNeXI1eXQyR0I1ZVZUcF9aaw?oc=5,Temilade Salami warns against “sudden ban” of single-use plastics in Lagos - Ikeja Record,0
2022-07-09,Ipaja,6.6111,3.2683,https://punchng.com,LASEMA rescues elderly woman trapped by flood in Ipaja,0
2022-07-09,Agege,6.6166,3.3213,https://punchng.com,LASEMA rescues elderly woman trapped by flood in Ipaja,0
2022-07-09,Marina,6.453,3.39,https://punchng.com,LASEMA rescues elderly woman trapped by flood in Ipaja,0
2022-07-09,Lekki,6.4698,3.5852,https://punchng.com,LASEMA rescues elderly woman trapped by flood in Ipaja,0
2022-09-15,Alimosho,6.6059,3.2709,https://punchng.com,Torrential rain submerges Alimosho communities,0
2024-07-05,Kosofe,6.5897,3.3936,https://guardian.ng,10-hour downpour causes flooding across Lagos LGAs,1
2024-07-05,Lagos Island,6.4541,3.3947,https://guardian.ng,10-hour downpour causes flooding across Lagos LGAs,1
2024-07-05,Alimosho,6.6059,3.2709,https://guardian.ng,10-hour downpour causes flooding across Lagos LGAs,1
2024-07-05,Ikeja,6.5958,3.3392,https://guardian.ng,10-hour downpour causes flooding across Lagos LGAs,1
2024-07-05,Lekki,6.4698,3.5852,https://guardian.ng,10-hour downpour causes flooding across Lagos LGAs,1
